city,pref_code,households,data_year,source_name,source_url
札幌市,1,545212,2020,令和2年国勢調査 人口等基本集計 第6-3表（世帯人員の人数別一般世帯数）,https://www.e-stat.go.jp/dbview?sid=0003445278
青森市,2,76888,2020,令和2年国勢調査 人口等基本集計 第6-3表（世帯人員の人数別一般世帯数）,https://www.e-stat.go.jp/dbview?sid=0003445278
盛岡市,3,77988,2020,令和2年国勢調査 人口等基本集計 第6-3表（世帯人員の人数別一般世帯数）,https://www.e-stat.go.jp/dbview?sid=0003445278
仙台市,4,288413,2020,令和2年国勢調査 人口等基本集計 第6-3表（世帯人員の人数別一般世帯数）,https://www.e-stat.go.jp/dbview?sid=0003445278
秋田市,5,87058,2020,令和2年国勢調査 人口等基本集計 第6-3表（世帯人員の人数別一般世帯数）,https://www.e-stat.go.jp/dbview?sid=0003445278
山形市,6,66563,2020,令和2年国勢調査 人口等基本集計 第6-3表（世帯人員の人数別一般世帯数）,https://www.e-stat.go.jp/dbview?sid=0003445278
福島市,7,76991,2020,令和2年国勢調査 人口等基本集計 第6-3表（世帯人員の人数別一般世帯数）,https://www.e-stat.go.jp/dbview?sid=0003445278
水戸市,8,74335,2020,令和2年国勢調査 人口等基本集計 第6-3表（世帯人員の人数別一般世帯数）,https://www.e-stat.go.jp/dbview?sid=0003445278
宇都宮市,9,141314,2020,令和2年国勢調査 人口等基本集計 第6-3表（世帯人員の人数別一般世帯数）,https://www.e-stat.go.jp/dbview?sid=0003445278
前橋市,10,92271,2020,令和2年国勢調査 人口等基本集計 第6-3表（世帯人員の人数別一般世帯数）,https://www.e-stat.go.jp/dbview?sid=0003445278
さいたま市,11,370327,2020,令和2年国勢調査 人口等基本集計 第6-3表（世帯人員の人数別一般世帯数）,https://www.e-stat.go.jp/dbview?sid=0003445278
千葉市,12,270118,2020,令和2年国勢調査 人口等基本集計 第6-3表（世帯人員の人数別一般世帯数）,https://www.e-stat.go.jp/dbview?sid=0003445278
東京都区部,13,2421845,2020,令和2年国勢調査 人口等基本集計 第6-3表（世帯人員の人数別一般世帯数）,https://www.e-stat.go.jp/dbview?sid=0003445278
横浜市,14,1045037,2020,令和2年国勢調査 人口等基本集計 第6-3表（世帯人員の人数別一般世帯数）,https://www.e-stat.go.jp/dbview?sid=0003445278
川崎市,14,405273,2020,令和2年国勢調査 人口等基本集計 第6-3表（世帯人員の人数別一般世帯数）,https://www.e-stat.go.jp/dbview?sid=0003445278
相模原市,14,199569,2020,令和2年国勢調査 人口等基本集計 第6-3表（世帯人員の人数別一般世帯数）,https://www.e-stat.go.jp/dbview?sid=0003445278
新潟市,15,214559,2020,令和2年国勢調査 人口等基本集計 第6-3表（世帯人員の人数別一般世帯数）,https://www.e-stat.go.jp/dbview?sid=0003445278
富山市,16,113513,2020,令和2年国勢調査 人口等基本集計 第6-3表（世帯人員の人数別一般世帯数）,https://www.e-stat.go.jp/dbview?sid=0003445278
金沢市,17,121861,2020,令和2年国勢調査 人口等基本集計 第6-3表（世帯人員の人数別一般世帯数）,https://www.e-stat.go.jp/dbview?sid=0003445278
福井市,18,69726,2020,令和2年国勢調査 人口等基本集計 第6-3表（世帯人員の人数別一般世帯数）,https://www.e-stat.go.jp/dbview?sid=0003445278
甲府市,19,51451,2020,令和2年国勢調査 人口等基本集計 第6-3表（世帯人員の人数別一般世帯数）,https://www.e-stat.go.jp/dbview?sid=0003445278
長野市,20,104220,2020,令和2年国勢調査 人口等基本集計 第6-3表（世帯人員の人数別一般世帯数）,https://www.e-stat.go.jp/dbview?sid=0003445278
岐阜市,21,109925,2020,令和2年国勢調査 人口等基本集計 第6-3表（世帯人員の人数別一般世帯数）,https://www.e-stat.go.jp/dbview?sid=0003445278
静岡市,22,193014,2020,令和2年国勢調査 人口等基本集計 第6-3表（世帯人員の人数別一般世帯数）,https://www.e-stat.go.jp/dbview?sid=0003445278
浜松市,22,217761,2020,令和2年国勢調査 人口等基本集計 第6-3表（世帯人員の人数別一般世帯数）,https://www.e-stat.go.jp/dbview?sid=0003445278
名古屋市,23,614504,2020,令和2年国勢調査 人口等基本集計 第6-3表（世帯人員の人数別一般世帯数）,https://www.e-stat.go.jp/dbview?sid=0003445278
津市,24,76367,2020,令和2年国勢調査 人口等基本集計 第6-3表（世帯人員の人数別一般世帯数）,https://www.e-stat.go.jp/dbview?sid=0003445278
大津市,25,98127,2020,令和2年国勢調査 人口等基本集計 第6-3表（世帯人員の人数別一般世帯数）,https://www.e-stat.go.jp/dbview?sid=0003445278
京都市,26,377969,2020,令和2年国勢調査 人口等基本集計 第6-3表（世帯人員の人数別一般世帯数）,https://www.e-stat.go.jp/dbview?sid=0003445278
大阪市,27,679830,2020,令和2年国勢調査 人口等基本集計 第6-3表（世帯人員の人数別一般世帯数）,https://www.e-stat.go.jp/dbview?sid=0003445278
堺市,27,230462,2020,令和2年国勢調査 人口等基本集計 第6-3表（世帯人員の人数別一般世帯数）,https://www.e-stat.go.jp/dbview?sid=0003445278
神戸市,28,415719,2020,令和2年国勢調査 人口等基本集計 第6-3表（世帯人員の人数別一般世帯数）,https://www.e-stat.go.jp/dbview?sid=0003445278
奈良市,29,102589,2020,令和2年国勢調査 人口等基本集計 第6-3表（世帯人員の人数別一般世帯数）,https://www.e-stat.go.jp/dbview?sid=0003445278
和歌山市,30,102324,2020,令和2年国勢調査 人口等基本集計 第6-3表（世帯人員の人数別一般世帯数）,https://www.e-stat.go.jp/dbview?sid=0003445278
鳥取市,31,49817,2020,令和2年国勢調査 人口等基本集計 第6-3表（世帯人員の人数別一般世帯数）,https://www.e-stat.go.jp/dbview?sid=0003445278
松江市,32,53907,2020,令和2年国勢調査 人口等基本集計 第6-3表（世帯人員の人数別一般世帯数）,https://www.e-stat.go.jp/dbview?sid=0003445278
岡山市,33,192652,2020,令和2年国勢調査 人口等基本集計 第6-3表（世帯人員の人数別一般世帯数）,https://www.e-stat.go.jp/dbview?sid=0003445278
広島市,34,329826,2020,令和2年国勢調査 人口等基本集計 第6-3表（世帯人員の人数別一般世帯数）,https://www.e-stat.go.jp/dbview?sid=0003445278
山口市,35,52538,2020,令和2年国勢調査 人口等基本集計 第6-3表（世帯人員の人数別一般世帯数）,https://www.e-stat.go.jp/dbview?sid=0003445278
徳島市,36,65806,2020,令和2年国勢調査 人口等基本集計 第6-3表（世帯人員の人数別一般世帯数）,https://www.e-stat.go.jp/dbview?sid=0003445278
高松市,37,115955,2020,令和2年国勢調査 人口等基本集計 第6-3表（世帯人員の人数別一般世帯数）,https://www.e-stat.go.jp/dbview?sid=0003445278
松山市,38,138218,2020,令和2年国勢調査 人口等基本集計 第6-3表（世帯人員の人数別一般世帯数）,https://www.e-stat.go.jp/dbview?sid=0003445278
高知市,39,88601,2020,令和2年国勢調査 人口等基本集計 第6-3表（世帯人員の人数別一般世帯数）,https://www.e-stat.go.jp/dbview?sid=0003445278
福岡市,40,398820,2020,令和2年国勢調査 人口等基本集計 第6-3表（世帯人員の人数別一般世帯数）,https://www.e-stat.go.jp/dbview?sid=0003445278
北九州市,40,257406,2020,令和2年国勢調査 人口等基本集計 第6-3表（世帯人員の人数別一般世帯数）,https://www.e-stat.go.jp/dbview?sid=0003445278
佐賀市,41,61904,2020,令和2年国勢調査 人口等基本集計 第6-3表（世帯人員の人数別一般世帯数）,https://www.e-stat.go.jp/dbview?sid=0003445278
長崎市,42,114312,2020,令和2年国勢調査 人口等基本集計 第6-3表（世帯人員の人数別一般世帯数）,https://www.e-stat.go.jp/dbview?sid=0003445278
熊本市,43,198131,2020,令和2年国勢調査 人口等基本集計 第6-3表（世帯人員の人数別一般世帯数）,https://www.e-stat.go.jp/dbview?sid=0003445278
大分市,44,132895,2020,令和2年国勢調査 人口等基本集計 第6-3表（世帯人員の人数別一般世帯数）,https://www.e-stat.go.jp/dbview?sid=0003445278
宮崎市,45,111033,2020,令和2年国勢調査 人口等基本集計 第6-3表（世帯人員の人数別一般世帯数）,https://www.e-stat.go.jp/dbview?sid=0003445278
鹿児島市,46,161052,2020,令和2年国勢調査 人口等基本集計 第6-3表（世帯人員の人数別一般世帯数）,https://www.e-stat.go.jp/dbview?sid=0003445278
那覇市,47,81713,2020,令和2年国勢調査 人口等基本集計 第6-3表（世帯人員の人数別一般世帯数）,https://www.e-stat.go.jp/dbview?sid=0003445278
